,Lat,Lon,Quantity,state,state_code
0,20.6667741,-157.292398,73437,,
1,21.31627119,-157.8587712,34652,Hawaii,HI
2,25.7714,-80.20635,1692,Florida,FL
3,25.78771157,-80.24139668,464854,Florida,FL
4,25.95777195,-80.25858971,334839,Florida,FL
5,26.14805954,-80.17388352,164105,Florida,FL
6,26.1934576,-97.9558109,95311,Texas,TX
7,26.22950586,-81.7687168,89152,Florida,FL
8,26.59437338,-80.10587723,322443,Florida,FL
9,26.74966989,-81.93435878,190993,Florida,FL
10,27.25510366,-80.33700476,89192,Florida,FL
11,27.32596833,-82.48886278,168805,Florida,FL
12,27.79343056,-97.40561199,48755,Texas,TX
13,27.7956176,-97.69328798,26396,Texas,TX
14,27.89427293,-82.73852559,159260,Florida,FL
15,27.91676799,-81.75444563,137468,Florida,FL
16,27.98146252,-82.47044567,150938,Florida,FL
17,28.0939347,-82.29407331,163125,Florida,FL
18,28.15899052,-80.64259589,140804,Florida,FL
19,28.24635759,-82.63796978,140878,Florida,FL
20,28.47366387,-81.51423972,183882,Florida,FL
21,28.52980184,-81.37025332,213375,Florida,FL
22,28.6196527,-99.0453514,62570,Texas,TX
23,28.67999853,-81.34017569,207422,Florida,FL
24,28.95893886,-96.96806398,19640,Texas,TX
25,29.07456686,-82.21431716,68917,Florida,FL
26,29.16311083,-100.0306825,15336,Texas,TX
27,29.28033024,-81.25835547,108840,Florida,FL
28,29.37374107,-98.12762857,71569,Texas,TX
29,29.45314256,-98.4975328,246670,Texas,TX
30,29.59683964,-95.17402526,228337,Texas,TX
31,29.61443468,-82.36344412,64265,Florida,FL
32,29.6544694,-90.78519515,35416,Louisiana,LA
33,29.65952597,-95.6856005,211122,Texas,TX
34,29.77049836,-95.41519724,357727,Texas,TX
35,29.79967922,-95.45775584,1054,Texas,TX
36,29.92089344,-96.84787131,6376,Texas,TX
37,29.95773556,-90.09428301,79285,Louisiana,LA
38,29.96314922,-90.18343295,92017,Louisiana,LA
39,30.08017757,-94.03078037,37339,Texas,TX
40,30.08061268,-94.14762066,16923,Texas,TX
41,30.10919119,-95.40537507,221620,Texas,TX
42,30.13761429,-81.80804379,119614,Florida,FL
43,30.22190203,-92.06806526,68348,Louisiana,LA
44,30.25780345,-97.8273734,190471,Texas,TX
45,30.28908022,-93.21021007,35455,Louisiana,LA
46,30.30075213,-81.63305956,177833,Florida,FL
47,30.30363295,-97.74164957,220459,Texas,TX
48,30.38547134,-85.67905612,94562,Florida,FL
49,30.41755655,-84.2583939,66946,Florida,FL
50,30.43964144,-91.14024128,59250,Louisiana,LA
51,30.45880962,-88.97295534,63476,Mississippi,MS
52,30.46285326,-86.94394577,167880,Florida,FL
53,30.469215,-91.1198175,65874,Louisiana,LA
54,30.46924441,-90.16741425,60527,Louisiana,LA
55,30.61895296,-96.32914321,48775,Texas,TX
56,30.68758851,-88.08793195,32056,Alabama,AL
57,30.76496287,-87.89512996,45998,Alabama,AL
58,30.92886067,-83.28538483,28842,Georgia,GA
59,31.11096525,-97.56571631,88170,Texas,TX
60,31.17464138,-105.3606966,6529,Texas,TX
61,31.22755833,-84.63246806,8328,Georgia,GA
62,31.29840563,-82.00096162,38034,Georgia,GA
63,31.30050563,-85.52091408,30203,Alabama,AL
64,31.30279009,-92.192325,21746,Louisiana,LA
65,31.32761232,-89.30569804,32754,Mississippi,MS
66,31.34079808,-90.53474679,9487,Mississippi,MS
67,31.34653824,-86.95451176,7574,Alabama,AL
68,31.38995588,-94.45899538,24816,Texas,TX
69,31.3977337,-100.5183272,18395,Texas,TX
70,31.43000114,-99.18056932,9372,Texas,TX
71,31.47418031,-83.95340051,30742,Georgia,GA
72,31.47555856,-95.65959099,7916,Texas,TX
73,31.50592664,-92.90189813,26563,Louisiana,LA
74,31.54466783,-97.13625581,23041,Texas,TX
75,31.71480203,-97.07859239,16043,Texas,TX
76,31.75364359,-110.5073962,57192,Arizona,AZ
77,31.7656623,-106.4485636,131994,Texas,TX
78,31.91606047,-102.2252385,102185,Texas,TX
79,31.93639896,-81.49039479,54301,Georgia,GA
80,32.0700884,-81.1176529,42848,Georgia,GA
81,32.17601956,-86.12245978,29689,Alabama,AL
82,32.22989195,-90.33702222,29037,Mississippi,MS
83,32.23942059,-88.20716176,629,Alabama,AL
84,32.27017437,-110.9790432,147899,Arizona,AZ
85,32.31139378,-90.18122044,20107,Mississippi,MS
86,32.31429944,-95.37310732,43330,Texas,TX
87,32.36677635,-87.33822568,6413,Alabama,AL
88,32.37579631,-86.29243219,23993,Alabama,AL
89,32.39680253,-88.84609675,11965,Mississippi,MS
90,32.44478868,-99.73640189,21576,Texas,TX
91,32.44781421,-90.03795526,24185,Mississippi,MS
92,32.44946269,-80.81498109,52086,South Carolina,SC
93,32.47927346,-84.96985213,28425,Georgia,GA
94,32.48343918,-82.06773196,23191,Georgia,GA
95,32.48680761,-94.73801995,35784,Texas,TX
96,32.49215934,-93.75517115,37279,Louisiana,LA
97,32.50336772,-92.12872478,35461,Louisiana,LA
98,32.51976643,-93.51416713,17143,Louisiana,LA
99,32.56099242,-84.86697576,10837,Georgia,GA
100,32.5845375,-98.37456125,14791,Texas,TX
101,32.60137169,-85.35060091,42871,Alabama,AL
102,32.62425137,-83.43419612,59951,Georgia,GA
103,32.63336495,-96.65381683,111450,Texas,TX
104,32.68512647,-100.2627137,8970,Texas,TX
105,32.72455083,-117.026126,92944,California,CA
106,32.73050241,-97.21853609,191434,Texas,TX
107,32.75632185,-97.27152935,149254,Texas,TX
108,32.79578846,-96.85172308,261,Texas,TX
109,32.80332038,-117.1555752,254052,California,CA
110,32.82099012,-96.83829993,184206,Texas,TX
111,32.8358381,-83.64196667,17992,Georgia,GA
112,32.87289,-111.74493,79072,Arizona,AZ
113,32.88681303,-80.02509611,175104,South Carolina,SC
114,32.89781244,-96.87761404,402989,Texas,TX
115,33.03817308,-117.1549308,226194,California,CA
116,33.16616844,-87.62999221,36330,Alabama,AL
117,33.18522749,-97.19270953,97208,Texas,TX
118,33.24377302,-95.89563683,43266,Texas,TX
119,33.32397255,-94.23788333,13013,Texas,TX
120,33.39659213,-82.21214724,32715,Georgia,GA
121,33.40536423,-92.8330065,9663,Arkansas,AR
122,33.42011803,-110.4939377,14172,Arizona,AZ
123,33.44442858,-111.9197627,352094,Arizona,AZ
124,33.48105046,-102.1159028,14594,Texas,TX
125,33.48753421,-82.06129699,29904,Georgia,GA
126,33.49500482,-112.4999184,323476,Arizona,AZ
127,33.49760013,-84.39142252,166534,Georgia,GA
128,33.49966525,-86.62874068,42356,Alabama,AL
129,33.50463087,-86.80815558,76915,Alabama,AL
130,33.50801087,-112.0594348,230591,Arizona,AZ
131,33.53246422,-81.7971931,25431,South Carolina,SC
132,33.54001564,-88.6337095,19459,Mississippi,MS
133,33.54527751,-86.70058997,53733,Alabama,AL
134,33.57770816,-101.8659727,37913,Texas,TX
135,33.57786094,-90.81078906,9323,Mississippi,MS
136,33.60566711,-116.1737621,132297,California,CA
137,33.61636158,-85.78863892,17503,Alabama,AL
138,33.67220698,-117.8229894,268428,California,CA
139,33.70083978,-93.80333871,9638,Arkansas,AR
140,33.7286777,-89.87988378,7631,Mississippi,MS
141,33.74051139,-117.8754184,51077,California,CA
142,33.81303047,-118.1708499,61670,California,CA
143,33.81844313,-117.8767371,199500,California,CA
144,33.82242118,-84.34254523,207291,Georgia,GA
145,33.84241649,-117.2822938,243974,California,CA
146,33.8487264,-118.1887304,80369,California,CA
147,33.87712911,-98.61578776,22092,Texas,TX
148,33.87717155,-118.3273979,26945,California,CA
149,33.87882718,-84.24722308,427521,Georgia,GA
150,33.9002525,-87.5478075,9233,Alabama,AL
151,33.90319931,-80.79367674,36460,South Carolina,SC
152,33.90451178,-83.38081233,56203,Georgia,GA
153,33.91033966,-118.035996,91857,California,CA
154,33.91564425,-91.88527011,11323,Arkansas,AR
155,33.94952193,-118.3121915,184302,California,CA
156,33.95547619,-118.3359107,16250,California,CA
157,33.97785107,-84.61278737,208219,Georgia,GA
158,33.98978865,-80.8998922,61504,South Carolina,SC
159,33.99822153,-79.37769234,105824,South Carolina,SC
160,34.01595545,-118.4320422,27290,California,CA
161,34.0198117,-81.0258532,52639,South Carolina,SC
162,34.04951999,-118.2957382,375714,California,CA
163,34.07218601,-117.8589428,247276,California,CA
164,34.08351935,-95.73511505,9176,Oklahoma,OK
165,34.09157959,-118.1369806,12351,California,CA
166,34.11847489,-117.3205191,27155,California,CA
167,34.13562288,-118.1470573,32382,California,CA
168,34.13971991,-118.1183264,44270,California,CA
169,34.15188364,-118.2760927,41349,California,CA
170,34.15413978,-118.4363047,63397,California,CA
171,34.16065021,-118.3918357,45086,California,CA
172,34.17568178,-118.3261838,24327,California,CA
173,34.19740179,-109.9840321,9786,Arizona,AZ
174,34.19955081,-86.02329234,20774,Alabama,AL
175,34.20914796,-97.04020816,10148,Oklahoma,OK
176,34.23029986,-118.5750709,250366,California,CA
177,34.27097378,-119.1190524,127348,California,CA
178,34.27433016,-100.5808333,2104,Texas,TX
179,34.28362441,-117.2862469,161766,California,CA
180,34.2891912,-78.08137156,112039,North Carolina,NC
181,34.33189276,-83.8383092,113474,Georgia,GA
182,34.33971771,-88.6628559,22270,Mississippi,MS
183,34.42816751,-119.6947102,46906,California,CA
184,34.43043724,-93.27812138,18942,Arkansas,AR
185,34.56849316,-98.60170316,34140,Oklahoma,OK
186,34.58390667,-112.213077,38842,Arizona,AZ
187,34.63221201,-89.75828539,49128,Mississippi,MS
188,34.67768896,-87.23686269,35586,Alabama,AL
189,34.69029569,-85.06255167,40274,Georgia,GA
190,34.72508697,-86.49936092,47498,Alabama,AL
191,34.72759074,-86.60573215,32099,Alabama,AL
192,34.73092044,-82.462196,152769,South Carolina,SC
193,34.73790968,-95.7887871,7792,Oklahoma,OK
194,34.74922706,-92.32192202,31855,Arkansas,AR
195,34.87790878,-92.21957492,34759,Arkansas,AR
196,34.89395375,-81.929428,55249,South Carolina,SC
197,34.90712222,-81.01128778,63281,South Carolina,SC
198,34.92168981,-92.13874268,48409,Arkansas,AR
199,34.97431354,-114.258651,35895,Arizona,AZ
200,34.9859099,-77.28354777,108222,North Carolina,NC
201,35.00632778,-107.0991889,40950,New Mexico,NM
202,35.01738742,-78.9475324,130467,North Carolina,NC
203,35.04427954,-85.28285217,33015,Tennessee,TN
204,35.05487825,-118.1865568,95466,California,CA
205,35.0808,-106.6478,2150,New Mexico,NM
206,35.08446529,-106.642586,134970,New Mexico,NM
207,35.088075,-83.868865,4373,North Carolina,NC
208,35.08857203,-106.7835958,20839,New Mexico,NM
209,35.12613147,-89.95737767,74394,Tennessee,TN
210,35.15608296,-96.73038519,20844,Oklahoma,OK
211,35.16737006,-101.8167634,27100,Texas,TX
212,35.16979588,-90.48070118,14948,Arkansas,AR
213,35.18694703,-120.5499289,100074,California,CA
214,35.21502079,-80.83265285,170142,North Carolina,NC
215,35.23934523,-85.30571159,68645,Tennessee,TN
216,35.26688777,-101.6259036,25135,Texas,TX
217,35.27096269,-93.21578209,13987,Arkansas,AR
218,35.31159828,-80.76785226,92395,North Carolina,NC
219,35.31424286,-107.1822286,39906,New Mexico,NM
220,35.32079872,-94.79955256,7383,Oklahoma,OK
221,35.32547605,-89.66527763,52705,Tennessee,TN
222,35.33906188,-80.99037833,116162,North Carolina,NC
223,35.35644834,-94.32300199,20943,Arkansas,AR
224,35.36057898,-119.0208952,79851,California,CA
225,35.37892117,-97.62321982,110049,Oklahoma,OK
226,35.40914651,-87.17404884,20631,Tennessee,TN
227,35.41385357,-99.24175833,6570,Oklahoma,OK
228,35.43649308,-111.4090092,29420,Arizona,AZ
229,35.45591335,-82.64979975,68954,North Carolina,NC
230,35.47427621,-97.52646351,93474,Oklahoma,OK
231,35.47991136,-108.6006841,4318,New Mexico,NM
232,35.48986667,-106.4290556,13473,New Mexico,NM
233,35.58817723,-82.54401295,24969,North Carolina,NC
234,35.6366772,-88.66090521,24694,Tennessee,TN
235,35.67283571,-95.44417857,22188,Oklahoma,OK
236,35.75610368,-105.9917384,35233,New Mexico,NM
237,35.79852,-109.4734943,1638,Arizona,AZ
238,35.8020726,-78.6551966,111820,North Carolina,NC
239,35.82887174,-78.63465029,240031,North Carolina,NC
240,35.87348852,-77.5487614,58025,North Carolina,NC
241,35.8832,-105.972775,3666,New Mexico,NM
242,35.88759763,-79.59428538,45849,North Carolina,NC
243,35.94264222,-81.30105167,66610,North Carolina,NC
244,35.94769405,-78.88211162,58169,North Carolina,NC
245,35.95710716,-79.77658795,73655,North Carolina,NC
246,35.95783008,-91.82066617,11518,Arkansas,AR
247,35.95953956,-83.95787445,74856,Tennessee,TN
248,35.9602,-106.9588333,17416,New Mexico,NM
249,35.98272056,-90.70202897,22691,Arkansas,AR
250,36.00896,-83.80920272,69231,Tennessee,TN
251,36.03438466,-86.65937709,129299,Tennessee,TN
252,36.03715812,-119.2986755,86223,California,CA
253,36.05700861,-79.79280196,46320,North Carolina,NC
254,36.08263647,-83.86576203,44155,Tennessee,TN
255,36.09141046,-80.25698769,39571,North Carolina,NC
256,36.1135733,-85.43378352,31629,Tennessee,TN
257,36.13137841,-95.95476784,57181,Oklahoma,OK
258,36.14088453,-76.32125746,31477,North Carolina,NC
259,36.14194742,-115.1464052,294164,Nevada,NV
260,36.1509996,-86.77006301,113017,Tennessee,TN
261,36.16061831,-92.89733662,10269,Arkansas,AR
262,36.16831872,-94.16100723,85822,Arkansas,AR
263,36.17049502,-80.38823575,31957,North Carolina,NC
264,36.18684261,-86.86229019,201127,Tennessee,TN
265,36.23535634,-115.2332205,146210,Nevada,NV
266,36.23818071,-96.18726677,97358,Oklahoma,OK
267,36.30005753,-88.77146027,9720,Tennessee,TN
268,36.40340963,-82.45638924,47024,Tennessee,TN
269,36.42616744,-98.05841337,14008,Oklahoma,OK
270,36.47882708,-99.46943333,3062,Oklahoma,OK
271,36.5521338,-89.78712887,14549,Missouri,MO
272,36.56571731,-95.05911154,11149,Oklahoma,OK
273,36.63330227,-121.6927892,62710,California,CA
274,36.67899857,-97.13105429,4977,Oklahoma,OK
275,36.69554412,-108.2394676,12675,New Mexico,NM
276,36.7322,-108.2101,2360,New Mexico,NM
277,36.747908,-101.4293027,3207,Oklahoma,OK
278,36.75942982,-119.7877985,85346,California,CA
279,36.80008571,-119.7737058,91408,California,CA
280,36.81517643,-82.35745987,17075,Virginia,VA
281,36.82837115,-90.53986923,5182,Missouri,MO
282,36.83753356,-81.11225503,14564,Virginia,VA
283,36.84195069,-76.31723889,17843,Virginia,VA
284,36.86433079,-76.28011677,48031,Virginia,VA
285,36.86878741,-88.57667832,28129,Kentucky,KY
286,36.8765575,-84.9619975,4375,Kentucky,KY
287,36.88862059,-83.75855735,6511,Kentucky,KY
288,36.9071585,-87.1178585,23611,Kentucky,KY
289,36.95177949,-76.19095487,125070,Virginia,VA
290,36.96324041,-86.20962746,31595,Kentucky,KY
291,36.97619206,-83.31494444,3433,Kentucky,KY
292,36.99477671,-84.11550137,12175,Kentucky,KY
293,37.00132646,-76.13837831,56444,Virginia,VA
294,37.00231935,-78.31550242,10437,Virginia,VA
295,37.0208908,-94.39958103,22141,Missouri,MO
296,37.03758985,-93.23980149,20662,Missouri,MO
297,37.06934143,-80.10405429,29878,Virginia,VA
298,37.08132778,-76.46009571,91891,Virginia,VA
299,37.10874423,-93.08477083,35576,Missouri,MO
300,37.12884828,-101.2190345,3146,Kansas,KS
301,37.14488689,-84.7034,6481,Kentucky,KY
302,37.14932953,-77.38776316,57435,Virginia,VA
303,37.16149444,-79.15126608,51717,Virginia,VA
304,37.17204028,-81.7817375,6231,Virginia,VA
305,37.18211184,-121.8986246,172978,California,CA
306,37.18846981,-82.84871321,2453,Kentucky,KY
307,37.19763253,-93.29303116,34226,Missouri,MO
308,37.19971939,-95.75527959,5327,Kansas,KS
309,37.20747706,-80.01200902,55893,Virginia,VA
310,37.22130625,-83.20297375,3093,Kentucky,KY
311,37.33080493,-121.8869819,207183,California,CA
312,37.33464326,-89.68450355,15326,Missouri,MO
313,37.33919737,-108.1590553,14445,Colorado,CO
314,37.37688824,-81.17853529,7857,West Virginia,WV
315,37.38956667,-85.78402679,28369,Kentucky,KY
316,37.42737993,-122.1286039,18242,California,CA
317,37.45488602,-106.3365204,13421,Colorado,CO
318,37.47691148,-122.189659,175180,California,CA
319,37.48574203,-81.62438116,3066,West Virginia,WV
320,37.49099205,-82.42633864,8535,Kentucky,KY
321,37.4998441,-77.22245983,78619,Virginia,VA
322,37.51378301,-87.66205229,16417,Kentucky,KY
323,37.53655694,-82.72551806,4205,Kentucky,KY
324,37.54007373,-122.2954237,29365,California,CA
325,37.54388316,-77.47156195,105743,Virginia,VA
326,37.56326989,-95.07840227,11675,Kansas,KS
327,37.56513315,-87.05103859,19819,Kentucky,KY
328,37.57174545,-83.47145,2129,Kentucky,KY
329,37.59632409,-97.443575,27573,Kansas,KS
330,37.60797488,-113.0020678,60500,Utah,UT
331,37.61057519,-84.45767143,23553,Kentucky,KY
332,37.61908249,-88.99635017,29438,Illinois,IL
333,37.62302112,-97.6276087,15520,Kansas,KS
334,37.62326876,-120.8772632,191011,California,CA
335,37.62949356,-77.41682772,39479,Virginia,VA
336,37.66922182,-92.00520727,14069,Missouri,MO
337,37.6926305,-97.32417154,63957,Kansas,KS
338,37.72302615,-90.59347077,16577,Missouri,MO
339,37.76219923,-122.3946011,187740,California,CA
340,37.76249259,-82.0260037,3411,West Virginia,WV
341,37.77124563,-91.7411466,10843,Missouri,MO
342,37.79625,-81.0564381,3463,West Virginia,WV
343,37.79860639,-122.2548117,65933,California,CA
344,37.825463,-81.192217,15174,West Virginia,WV
345,37.82998898,-100.6836017,13705,Kansas,KS
346,37.83328475,-80.45680678,5274,West Virginia,WV
347,37.84141388,-122.2695947,19657,California,CA
348,37.84587461,-122.0596776,505731,California,CA
349,37.8657,-83.18136875,2785,Kentucky,KY
350,37.8725093,-82.72363488,4481,Kentucky,KY
351,37.88070144,-86.12891007,25855,Kentucky,KY
352,37.89559344,-122.2934959,20332,California,CA
353,37.99666411,-87.57650706,28055,Indiana,IN
354,38.00169848,-122.5495902,78719,California,CA
355,38.01704024,-121.2173024,81343,California,CA
356,38.03993119,-84.49464505,54683,Kentucky,KY
357,38.04090567,-78.55812933,50689,Virginia,VA
358,38.04320667,-79.31057,20870,Virginia,VA
359,38.05054575,-84.30491134,51327,Kentucky,KY
360,38.11337778,-104.1576306,35465,Colorado,CO
361,38.1286406,-87.51540376,19172,Indiana,IN
362,38.14045983,-85.35047406,47586,Kentucky,KY
363,38.15327143,-77.24898469,44878,Virginia,VA
364,38.15344,-94.21542651,8063,Missouri,MO
365,38.1793866,-98.4829823,14309,Kansas,KS
366,38.20314857,-84.87596857,8968,Kentucky,KY
367,38.23108786,-77.30653931,52608,Virginia,VA
368,38.23387429,-85.71533017,136196,Kentucky,KY
369,38.26736075,-81.62581589,11567,West Virginia,WV
370,38.28920448,-81.51959701,8215,West Virginia,WV
371,38.32723605,-88.73359252,22241,Illinois,IL
372,38.3517255,-81.6372055,21153,West Virginia,WV
373,38.35476786,-82.14961161,21258,West Virginia,WV
374,38.36056166,-75.58505389,39500,Maryland,MD
375,38.36596095,-96.43049429,6781,Kansas,KS
376,38.3686625,-107.9244188,16613,Colorado,CO
377,38.38712204,-85.93780806,54409,Indiana,IN
378,38.41577699,-82.43553274,11357,West Virginia,WV
379,38.41843557,-92.30300619,18825,Missouri,MO
380,38.44128559,-82.87836486,15244,Kentucky,KY
381,38.45003061,-78.03821939,15158,Virginia,VA
382,38.45512727,-80.77590909,3158,West Virginia,WV
383,38.47295556,-87.07575661,19079,Indiana,IN
384,38.50298,-106.0065733,15766,Colorado,CO
385,38.50563333,-78.81185,22154,Virginia,VA
386,38.5198849,-89.89322735,66444,Illinois,IL
387,38.52837802,-76.80524593,100956,Maryland,MD
388,38.54645179,-92.12924107,9850,Missouri,MO
389,38.57836643,-121.437606,127402,California,CA
390,38.58410509,-90.49530041,120142,Missouri,MO
391,38.61212023,-122.851428,98569,California,CA
392,38.62058326,-121.3717498,224635,California,CA
393,38.64277166,-90.32420032,132095,Missouri,MO
394,38.65841184,-81.59550921,7600,West Virginia,WV
395,38.67373467,-121.2380987,76975,California,CA
396,38.74632963,-93.27199704,15033,Missouri,MO
397,38.81124098,-110.4007082,10898,Utah,UT
398,38.83112862,-77.1054273,85882,Virginia,VA
399,38.83510377,-77.22143642,106937,Virginia,VA
400,38.83949227,-90.75571211,96601,Missouri,MO
401,38.85287251,-104.799162,143331,Colorado,CO
402,38.86234783,-77.22257693,109728,Virginia,VA
403,38.86444066,-79.99928901,8507,West Virginia,WV
404,38.86673676,-76.05069081,28652,Maryland,MD
405,38.88058095,-75.42778852,89874,Delaware,DE
406,38.88123443,-77.10090017,77274,Virginia,VA
407,38.88967421,-84.4601595,132482,Kentucky,KY
408,38.89208378,-77.01771081,80,District of Columbia,DC
409,38.89758929,-77.02809643,67,District of Columbia,DC
410,38.90325843,-77.40995754,266832,Virginia,VA
411,38.91072436,-77.03283497,215729,District of Columbia,DC
412,38.9158876,-77.02618062,120,District of Columbia,DC
413,38.93435708,-95.05452192,68315,Kansas,KS
414,38.93469421,-97.65358684,15416,Kansas,KS
415,38.93795366,-79.0184878,4086,West Virginia,WV
416,38.93950923,-82.83995351,38718,Ohio,OH
417,38.95123795,-90.03519406,47639,Illinois,IL
418,38.96671509,-76.8871367,235103,Maryland,MD
419,38.98082601,-94.68716415,56759,Kansas,KS
420,38.9896406,-76.54905789,22063,Maryland,MD
421,39.0233881,-77.02748367,61704,Maryland,MD
422,39.0389,-88.21911324,19048,Illinois,IL
423,39.04398621,-95.68609808,19838,Kansas,KS
424,39.05893811,-94.33277014,90838,Missouri,MO
425,39.07277338,-78.19579286,38507,Virginia,VA
426,39.07391085,-108.5382101,24544,Colorado,CO
427,39.07738908,-77.13893504,161941,Maryland,MD
428,39.08093621,-85.77911494,32124,Indiana,IN
429,39.0817,-74.8214,61601,New Jersey,NJ
430,39.08281453,-103.906065,28535,Colorado,CO
431,39.08977733,-94.57005561,84255,Missouri,MO
432,39.09371548,-92.37446706,43208,Missouri,MO
433,39.09528246,-94.65524408,16632,Kansas,KS
434,39.09674727,-86.60703203,40600,Indiana,IN
435,39.15722991,-83.99085179,52351,Ohio,OH
436,39.15902359,-84.48673461,124028,Ohio,OH
437,39.17011121,-85.07709828,16511,Indiana,IN
438,39.20946477,-119.7804102,16724,Nevada,NV
439,39.21827692,-80.45758462,12390,West Virginia,WV
440,39.25003542,-115.2364167,3218,Nevada,NV
441,39.25559726,-80.41546027,6425,West Virginia,WV
442,39.28909,-81.33790077,17262,West Virginia,WV
443,39.29447701,-96.19764385,22347,Kansas,KS
444,39.29973353,-76.6165766,193507,Maryland,MD
445,39.30355192,-76.62872847,232706,Maryland,MD
446,39.31982141,-76.66981463,118482,Maryland,MD
447,39.33143438,-99.43567031,6474,Kansas,KS
448,39.3365,-74.4828,9977,New Jersey,NJ
449,39.35670694,-81.78468382,19658,Ohio,OH
450,39.36192889,-74.75292026,279870,New Jersey,NJ
451,39.36488847,-84.47358922,102101,Ohio,OH
452,39.36629756,-101.0279646,4177,Kansas,KS
453,39.37605182,-96.07366496,15998,Kansas,KS
454,39.39578605,-78.97946977,6340,West Virginia,WV
455,39.42938372,-78.08368837,44394,West Virginia,WV
456,39.43083598,-121.5715556,97639,California,CA
457,39.44913587,-77.382995,121541,Maryland,MD
458,39.46530401,-87.30900766,20428,Indiana,IN
459,39.47426061,-75.01237929,43726,New Jersey,NJ
460,39.50761301,-119.7746952,83233,Nevada,NV
461,39.52802348,-119.2292659,78727,Nevada,NV
462,39.56120375,-75.99228125,20381,Maryland,MD
463,39.57773953,-78.96976628,15294,Maryland,MD
464,39.5895,-80.0849882,34683,West Virginia,WV
465,39.61452295,-88.24764508,11947,Illinois,IL
466,39.64477796,-104.9813544,282886,Colorado,CO
467,39.64786833,-107.1934217,39072,Colorado,CO
468,39.65372482,-120.3429794,23533,California,CA
469,39.66349433,-86.14894925,103346,Indiana,IN
470,39.67063322,-75.65360909,87213,Delaware,DE
471,39.73627057,-104.9979484,352458,Colorado,CO
472,39.73803378,-105.0316401,32462,Colorado,CO
473,39.74218095,-84.18725084,78490,Ohio,OH
474,39.74372985,-75.56226797,41650,Delaware,DE
475,39.74485394,-104.9808302,187427,Colorado,CO
476,39.74905909,-94.83797841,8408,Missouri,MO
477,39.7624424,-89.084536,23600,Illinois,IL
478,39.77201287,-97.75138218,2742,Kansas,KS
479,39.77307666,-82.97101136,74389,Ohio,OH
480,39.78802638,-89.63288383,21513,Illinois,IL
481,39.79542842,-105.5822478,47218,Colorado,CO
482,39.80133567,-86.16142314,136642,Indiana,IN
483,39.83873131,-89.95216589,23340,Illinois,IL
484,39.86437186,-81.70282412,20457,Ohio,OH
485,39.87953642,-93.57074383,7290,Missouri,MO
486,39.89411341,-74.45477726,75585,New Jersey,NJ
487,39.91378017,-83.81843554,16872,Ohio,OH
488,39.91429771,-76.83668211,66208,Pennsylvania,PA
489,39.93342742,-91.77797823,6316,Missouri,MO
490,39.93731689,-84.26774327,81421,Ohio,OH
491,39.93994576,-75.10335695,28035,New Jersey,NJ
492,39.95365,-79.74857363,19212,Pennsylvania,PA
493,39.96023529,-77.73703309,30664,Pennsylvania,PA
494,39.96253563,-76.721075,38284,Pennsylvania,PA
495,39.97870243,-75.61172708,87541,Pennsylvania,PA
496,39.98244557,-75.15100769,282612,Pennsylvania,PA
497,39.9934046,-82.99688785,125479,Ohio,OH
498,40.00922679,-78.83279464,9059,Pennsylvania,PA
499,40.02654124,-86.03091353,97478,Indiana,IN
500,40.03073867,-74.191903,112594,New Jersey,NJ
501,40.03945464,-91.05728402,12011,Illinois,IL
502,40.04796608,-76.3200386,38886,Pennsylvania,PA
503,40.04971981,-75.19010931,240323,Pennsylvania,PA
504,40.06071446,-94.66141968,11310,Missouri,MO
505,40.06206193,-74.22597178,56133,New Jersey,NJ
506,40.06320569,-111.7190128,47615,Utah,UT
507,40.0787199,-76.24097704,52474,Pennsylvania,PA
508,40.0869122,-85.25338244,33133,Indiana,IN
509,40.09943092,-82.95510679,150565,Ohio,OH
510,40.1160987,-88.13664375,43633,Illinois,IL
511,40.12427185,-80.16128992,35677,Pennsylvania,PA
512,40.14909193,-75.36631969,111899,Pennsylvania,PA
513,40.15625591,-80.61938661,22065,West Virginia,WV
514,40.15954867,-92.57150531,7074,Missouri,MO
515,40.22833099,-81.90157042,5110,Ohio,OH
516,40.22932944,-74.72748806,54205,New Jersey,NJ
517,40.23774351,-104.747136,69471,Colorado,CO
518,40.2544375,-80.85086875,25596,Ohio,OH
519,40.26888145,-76.86055597,32970,Pennsylvania,PA
520,40.29460743,-75.13967883,79385,Pennsylvania,PA
521,40.3038,-73.9858,153940,New Jersey,NJ
522,40.32746812,-100.7597536,3129,Nebraska,NE
523,40.32961781,-75.9111668,43467,Pennsylvania,PA
524,40.3307,-76.94386764,121020,Pennsylvania,PA
525,40.33140295,-79.58745574,51112,Pennsylvania,PA
526,40.35897235,-78.87375176,21355,Pennsylvania,PA
527,40.35996115,-98.79642038,9489,Nebraska,NE
528,40.37234731,-75.82671183,37241,Pennsylvania,PA
529,40.385325,-103.2727469,11345,Colorado,CO
530,40.38968207,-105.0863883,153658,Colorado,CO
531,40.40483168,-86.98645217,43408,Indiana,IN
532,40.44167781,-79.98308384,128683,Pennsylvania,PA
533,40.44208,-79.96457029,69465,Pennsylvania,PA
534,40.47496834,-96.82916935,9003,Nebraska,NE
535,40.48827386,-80.06192407,78567,Pennsylvania,PA
536,40.48942037,-74.44261806,20702,New Jersey,NJ
537,40.50281889,-83.39241613,22354,Ohio,OH
538,40.507425,-88.96924515,33156,Illinois,IL
539,40.5086,-78.33891137,28212,Pennsylvania,PA
540,40.53162924,-74.5131388,222376,New Jersey,NJ
541,40.58665963,-75.48004667,37910,Pennsylvania,PA
542,40.590752,-77.209755,1879,Pennsylvania,PA
543,40.6017,-96.68741951,7518,Nebraska,NE
544,40.60260336,-74.1228694,128369,New York,NY
545,40.60472791,-73.81473256,28860,New York,NY
546,40.62422628,-75.41782569,111311,Pennsylvania,PA
547,40.64010797,-86.04579124,39029,Indiana,IN
548,40.66282252,-123.9543576,27757,California,CA
549,40.66649174,-73.95393848,575267,New York,NY
550,40.6674,-74.1146,427005,New Jersey,NJ
551,40.67013187,-111.7536007,342010,Utah,UT
552,40.672,-74.7507,82146,New Jersey,NJ
553,40.6965,-74.267,32544,New Jersey,NJ
554,40.69842097,-73.81199682,163027,New York,NY
555,40.69865023,-89.63962,32509,Illinois,IL
556,40.69903272,-79.0433963,13694,Pennsylvania,PA
557,40.70348989,-89.59435955,23290,Illinois,IL
558,40.7148,-74.0371,75768,New Jersey,NJ
559,40.71563333,-76.21331714,18047,Pennsylvania,PA
560,40.71575628,-81.49987951,61782,Ohio,OH
561,40.71726882,-74.00654353,6675,New York,NY
562,40.72620155,-73.62281814,181774,New York,NY
563,40.7339,-74.1617,71764,New Jersey,NJ
564,40.73951069,-111.8893784,121440,Utah,UT
565,40.74237028,-73.67615728,54542,New York,NY
566,40.74291633,-73.86860143,232619,New York,NY
567,40.74394506,-122.3227024,49265,California,CA
568,40.74525552,-73.98520233,618083,New York,NY
569,40.74727355,-73.9830577,25733,New York,NY
570,40.7491698,-73.94105235,84563,New York,NY
571,40.75247333,-95.36260333,3006,Iowa,IA
572,40.753431,-82.527088,13868,Ohio,OH
573,40.75607573,-72.78328693,47571,New York,NY
574,40.75869444,-73.53503889,15332,New York,NY
575,40.78807368,-73.30625937,379145,New York,NY
576,40.80695055,-84.13205802,48812,Ohio,OH
577,40.81582158,-96.70436163,47583,Nebraska,NE
578,40.82424441,-81.38812524,30067,Ohio,OH
579,40.84227184,-73.88505434,308589,New York,NY
580,40.84472133,-91.36219667,11284,Iowa,IA
581,40.85782888,-90.3608213,13653,Illinois,IL
582,40.87177742,-79.92391659,35694,Pennsylvania,PA
583,40.87343242,-72.71286301,72389,New York,NY
584,40.887,-74.0391,114961,New Jersey,NJ
585,40.89796167,-115.7582833,14934,Nevada,NV
586,40.89835472,-77.98498962,31812,Pennsylvania,PA
587,40.90529258,-87.92851528,20836,Illinois,IL
588,40.91117327,-75.91078119,25008,Pennsylvania,PA
589,40.91138511,-76.71143936,30570,Pennsylvania,PA
590,40.9125,-74.1653,30362,New Jersey,NJ
591,40.93233725,-73.78483333,20869,New York,NY
592,40.94393272,-73.86919228,62815,New York,NY
593,41.00143488,-94.56715233,3610,Iowa,IA
594,41.00415955,-92.42294494,11810,Iowa,IA
595,41.02528516,-73.77777387,17761,New York,NY
596,41.0390295,-79.41189353,13779,Pennsylvania,PA
597,41.04724939,-75.24029085,44630,Pennsylvania,PA
598,41.0592,-74.1322,100810,New Jersey,NJ
599,41.06798259,-98.76814656,21227,Nebraska,NE
600,41.07450245,-82.76786104,41871,Ohio,OH
601,41.0788,-73.4713,95964,Connecticut,CT
602,41.08042744,-81.52387515,38623,Ohio,OH
603,41.08264353,-85.14805129,58671,Indiana,IN
604,41.08623182,-80.67491818,25345,Ohio,OH
605,41.1003,-73.549,31976,Connecticut,CT
606,41.11518994,-73.78099939,166608,New York,NY
607,41.119136,-80.3581008,27928,Pennsylvania,PA
608,41.12442833,-80.77224983,48324,Ohio,OH
609,41.12977559,-81.57693529,109080,Ohio,OH
610,41.1628586,-85.21809355,41567,Indiana,IN
611,41.17161953,-111.9577553,43596,Utah,UT
612,41.1777,-73.1933,41168,Connecticut,CT
613,41.2043562,-104.8375212,29077,Wyoming,WY
614,41.211135,-74.11537659,120313,New York,NY
615,41.23524105,-78.77409789,11996,Pennsylvania,PA
616,41.24694724,-75.88343681,23383,Pennsylvania,PA
617,41.24710388,-101.5749008,12392,Nebraska,NE
618,41.25440132,-77.08451711,23505,Pennsylvania,PA
619,41.25543097,-96.0148332,84225,Nebraska,NE
620,41.30784775,-75.94537416,30106,Pennsylvania,PA
621,41.32397091,-89.17817227,21450,Illinois,IL
622,41.3877,-72.4336,127420,Connecticut,CT
623,41.39117573,-96.32725485,37783,Nebraska,NE
624,41.39919606,-75.68046897,25603,Pennsylvania,PA
625,41.41526328,-83.31105876,26945,Ohio,OH
626,41.42927763,-95.57287443,16598,Iowa,IA
627,41.47630406,-81.66229582,203699,Ohio,OH
628,41.4776728,-90.41095,22583,Illinois,IL
629,41.48068091,-84.08053819,50981,Ohio,OH
630,41.5005344,-97.5927936,7382,Nebraska,NE
631,41.50855327,-87.23224405,122524,Indiana,IN
632,41.5127961,-86.01782439,73520,Indiana,IN
633,41.52704885,-81.52019645,148679,Ohio,OH
634,41.53036893,-75.46419322,33921,Pennsylvania,PA
635,41.53132764,-90.57668943,13452,Iowa,IA
636,41.5522,-73.0443,106493,Connecticut,CT
637,41.558338,-87.35222267,14708,Indiana,IN
638,41.56453208,-79.65535409,19300,Pennsylvania,PA
639,41.59338091,-93.64707971,34519,Iowa,IA
640,41.60386455,-87.89844931,226762,Illinois,IL
641,41.6163,-72.0827,44998,Connecticut,CT
642,41.61678456,-70.56772206,31351,Massachusetts,MA
643,41.62845172,-107.156769,3596,Wyoming,WY
644,41.64590807,-90.79146149,29927,Iowa,IA
645,41.64853082,-83.57440151,49586,Ohio,OH
646,41.65332623,-93.6050963,33548,Iowa,IA
647,41.65471736,-111.9732493,35104,Utah,UT
648,41.65489609,-74.71532109,25467,New York,NY
649,41.66425118,-93.4293748,20993,Iowa,IA
650,41.66493261,-86.24517319,26114,Indiana,IN
651,41.67731172,-93.84671925,40086,Iowa,IA
652,41.68099508,-109.9486689,18995,Wyoming,WY
653,41.6929,-72.3122,22963,Connecticut,CT
654,41.69560833,-73.9233869,17002,New York,NY
655,41.69834209,-73.89105316,94855,New York,NY
656,41.70319953,-71.46661189,118583,Rhode Island,RI
657,41.71246484,-70.23067692,35968,Massachusetts,MA
658,41.7215963,-87.70084352,19917,Illinois,IL
659,41.77048621,-71.09835991,105185,Massachusetts,MA
660,41.79998337,-88.04199057,172880,Illinois,IL
661,41.80733463,-91.67518485,28731,Iowa,IA
662,41.8087759,-71.42421299,67417,Rhode Island,RI
663,41.81512832,-76.12135487,11504,Pennsylvania,PA
664,41.81944151,-78.55696981,5836,Pennsylvania,PA
665,41.82211053,-77.30583789,7716,Pennsylvania,PA
666,41.86845455,-86.37042,18850,Michigan,MI
667,41.87542656,-87.78759688,8740,Illinois,IL
668,41.88102002,-87.6647625,513014,Illinois,IL
669,41.88696429,-79.99716071,13326,Pennsylvania,PA
670,41.88915947,-91.72094229,28555,Iowa,IA
671,41.95731228,-88.06667305,240791,Illinois,IL
672,41.9682,-73.4412,114281,Connecticut,CT
673,41.9738024,-91.66650144,23972,Iowa,IA
674,41.9802503,-87.80815917,20689,Illinois,IL
675,42.03563672,-74.11526836,32808,New York,NY
676,42.04001579,-87.76560877,16083,Illinois,IL
677,42.07787459,-70.96676733,87439,Massachusetts,MA
678,42.09806724,-76.79182759,8788,New York,NY
679,42.09958346,-84.37126272,49548,Michigan,MI
680,42.10401583,-75.90619784,13753,New York,NY
681,42.10577295,-72.58373891,27954,Massachusetts,MA
682,42.11030273,-95.05680909,5068,Iowa,IA
683,42.11951227,-80.08246136,26288,Pennsylvania,PA
684,42.12912375,-87.94723077,320892,Illinois,IL
685,42.15680674,-103.1480034,11569,Nebraska,NE
686,42.18049113,-89.52168805,42796,Illinois,IL
687,42.18647637,-71.14535043,85053,Massachusetts,MA
688,42.19690941,-78.9368995,24307,New York,NY
689,42.20430511,-75.71403139,25194,New York,NY
690,42.22159842,-72.57355816,79599,Massachusetts,MA
691,42.23993449,-85.5542998,116699,Michigan,MI
692,42.24197516,-71.76761484,75732,Massachusetts,MA
693,42.25691707,-104.4828512,3232,Wyoming,WY
694,42.25718997,-89.06446021,29148,Illinois,IL
695,42.26459123,-71.79338084,31427,Massachusetts,MA
696,42.27868188,-83.45545606,283423,Michigan,MI
697,42.29343289,-76.99774497,46359,New York,NY
698,42.31484412,-75.62288235,21211,New York,NY
699,42.31514857,-121.5340757,13015,Oregon,OR
700,42.33511609,-71.41725034,85765,Massachusetts,MA
701,42.35170427,-71.07717596,380758,Massachusetts,MA
702,42.35386118,-71.06993122,12875,Massachusetts,MA
703,42.35635691,-71.1822087,98230,Massachusetts,MA
704,42.36023158,-97.61885921,15013,Nebraska,NE
705,42.3858199,-122.935425,47767,Oregon,OR
706,42.39080819,-83.14199046,98112,Michigan,MI
707,42.39659452,-73.23757603,22353,Massachusetts,MA
708,42.445925,-90.86635638,18546,Iowa,IA
709,42.47064419,-110.7402907,4335,Wyoming,WY
710,42.49654643,-96.39713929,9606,Iowa,IA
711,42.5175396,-92.37885347,10559,Iowa,IA
712,42.55964044,-70.9448446,104651,Massachusetts,MA
713,42.56623253,-71.6967241,41680,Massachusetts,MA
714,42.57007715,-83.05080711,244314,Michigan,MI
715,42.57895574,-72.54004426,13895,Massachusetts,MA
716,42.59103571,-95.91842143,8174,Iowa,IA
717,42.59929066,-83.29431018,192765,Michigan,MI
718,42.60650553,-92.4905383,20550,Iowa,IA
719,42.60905578,-71.20474104,159907,Massachusetts,MA
720,42.66180847,-73.76956911,31261,New York,NY
721,42.69234195,-73.84015671,53726,New York,NY
722,42.70167205,-94.41332441,12788,Iowa,IA
723,42.71928417,-87.80395827,15484,Wisconsin,WI
724,42.73830116,-84.55767188,26772,Michigan,MI
725,42.75112857,-73.92861229,60535,New York,NY
726,42.75548148,-100.4617037,877,Nebraska,NE
727,42.78925236,-73.90415864,32341,New York,NY
728,42.78957806,-114.2452619,26711,Idaho,ID
729,42.82607134,-88.12311937,107810,Wisconsin,WI
730,42.83957564,-78.68910897,86521,New York,NY
731,42.84900883,-71.43806364,95582,New Hampshire,NH
732,42.85851389,-90.71987778,6118,Wisconsin,WI
733,42.86746525,-106.329122,17118,Wyoming,WY
734,42.89443054,-112.4368826,26200,Idaho,ID
735,42.89635879,-78.77738187,38769,New York,NY
736,42.90586967,-78.84116078,112712,New York,NY
737,42.92479015,-89.49684039,92776,Wisconsin,WI
738,42.93445679,-72.20745802,16313,New Hampshire,NH
739,42.94292113,-72.7295507,4763,Vermont,VT
740,42.95488849,-85.64635825,70923,Michigan,MI
741,42.95672422,-84.62907431,101048,Michigan,MI
742,42.97031875,-108.575025,6950,Wyoming,WY
743,42.99436347,-71.4652,39022,New Hampshire,NH
744,42.99775466,-76.20254689,71882,New York,NY
745,43.00540746,-83.67703582,20411,Michigan,MI
746,43.01512782,-77.55959839,55571,New York,NY
747,43.02661111,-77.4711828,59490,New York,NY
748,43.04897908,-87.96004034,105614,Wisconsin,WI
749,43.05455039,-76.14863619,34430,New York,NY
750,43.06662667,-76.29617611,30093,New York,NY
751,43.06891636,-73.12794727,5570,Vermont,VT
752,43.06974898,-89.4000386,55010,Wisconsin,WI
753,43.07818571,-79.01328036,12515,New York,NY
754,43.10211958,-83.38314545,75056,Michigan,MI
755,43.10318462,-75.22635192,10748,New York,NY
756,43.10408259,-75.33231194,29768,New York,NY
757,43.12366951,-75.23849512,20193,New York,NY
758,43.15380025,-77.61061104,95801,New York,NY
759,43.15831164,-86.10839498,83546,Michigan,MI
760,43.16045897,-91.75820085,4436,Iowa,IA
761,43.17819747,-93.27607004,10308,Iowa,IA
762,43.18603846,-70.71189487,9004,Maine,ME
763,43.18829061,-85.55302058,55497,Michigan,MI
764,43.21538636,-72.30859091,2007,New Hampshire,NH
765,43.2209,-71.55933,12897,New Hampshire,NH
766,43.24875168,-71.02708603,68596,New Hampshire,NH
767,43.25915733,-96.03725867,4236,Iowa,IA
768,43.27961646,-95.18091519,5177,Iowa,IA
769,43.28894746,-72.55720508,3541,Vermont,VT
770,43.31938779,-73.67786374,36137,New York,NY
771,43.36106462,-88.16321031,107602,Wisconsin,WI
772,43.43761278,-96.96780376,26435,South Dakota,SD
773,43.48417588,-71.60856181,33432,New Hampshire,NH
774,43.51857143,-110.7408607,8654,Wyoming,WY
775,43.53984858,-96.73553239,29521,South Dakota,SD
776,43.5936372,-89.46369324,29672,Wisconsin,WI
777,43.61258508,-116.2310588,70286,Idaho,ID
778,43.64964447,-84.14587562,56155,Michigan,MI
779,43.65348226,-70.26322312,30891,Maine,ME
780,43.68600566,-72.16861698,13246,New Hampshire,NH
781,43.69014437,-73.07828411,9139,Vermont,VT
782,43.70327886,-70.459,63482,Maine,ME
783,43.70592611,-112.0616383,34612,Idaho,ID
784,43.7288323,-116.3854156,117294,Idaho,ID
785,43.7873894,-98.39546093,10715,South Dakota,SD
786,43.79203105,-123.2901347,96472,Oregon,OR
787,43.7951267,-72.35990682,7259,Vermont,VT
788,43.82773119,-100.4761202,5126,South Dakota,SD
789,43.84184413,-91.00697611,30155,Wisconsin,WI
790,43.84348732,-83.59162254,22630,Michigan,MI
791,43.88213394,-95.67711719,7062,Minnesota,MN
792,43.89181429,-117.2455071,2534,Oregon,OR
793,43.93159213,-92.35976827,42862,Minnesota,MN
794,43.95624528,-69.61855849,8530,Maine,ME
795,44.02201986,-121.0295383,49194,Oregon,OR
796,44.03638991,-93.89814826,29048,Minnesota,MN
797,44.15387451,-69.11161961,5477,Maine,ME
798,44.16485399,-88.5758577,66888,Wisconsin,WI
799,44.16856919,-103.2346313,28127,South Dakota,SD
800,44.21177358,-104.9972717,11463,Wyoming,WY
801,44.27333841,-70.36711325,27956,Maine,ME
802,44.28428242,-69.79427473,12203,Maine,ME
803,44.2923,-75.55557203,50892,New York,NY
804,44.3038876,-72.57091405,12851,Vermont,VT
805,44.44188545,-108.5115073,9856,Wyoming,WY
806,44.45921119,-87.58660448,15778,Wisconsin,WI
807,44.508659,-88.01764895,26488,Wisconsin,WI
808,44.5309594,-85.58399612,45180,Michigan,MI
809,44.54390303,-73.10620947,52207,Vermont,VT
810,44.5527,-71.45347544,10846,New Hampshire,NH
811,44.58697813,-73.8274599,29937,New York,NY
812,44.59146195,-68.03332566,14125,Maine,ME
813,44.67923333,-72.13329922,8724,Vermont,VT
814,44.68892432,-106.8533054,9216,Wyoming,WY
815,44.70606,-69.65431842,19588,Maine,ME
816,44.72309698,-88.18881121,36697,Wisconsin,WI
817,44.72667391,-71.66316957,66,Vermont,VT
818,44.83562986,-89.79630676,47854,Wisconsin,WI
819,44.83833408,-123.1232028,103871,Oregon,OR
820,44.84951242,-91.55992418,30080,Wisconsin,WI
821,44.95936257,-93.11103565,92339,Minnesota,MN
822,44.98009662,-97.08865608,9946,South Dakota,SD
823,44.99277514,-93.30552658,154981,Minnesota,MN
824,44.99705593,-93.50644075,156559,Minnesota,MN
825,44.99963544,-93.20156376,104359,Minnesota,MN
826,45.01625744,-95.56569931,13525,Minnesota,MN
827,45.02228895,-68.79468837,27345,Maine,ME
828,45.07963229,-92.48178542,21366,Wisconsin,WI
829,45.32737754,-118.5658833,22864,Oregon,OR
830,45.39809926,-98.79335882,6677,South Dakota,SD
831,45.42333491,-84.610288,37821,Michigan,MI
832,45.47366175,-122.5845272,141315,Oregon,OR
833,45.5050069,-123.1825698,56527,Oregon,OR
834,45.527154,-122.6820627,141524,Oregon,OR
835,45.57915231,-101.6688877,2365,South Dakota,SD
836,45.69376529,-94.47679609,31345,Minnesota,MN
837,45.70692416,-111.8594651,40712,Montana,MT
838,45.76925855,-122.62344,87919,Washington,WA
839,45.79360313,-108.50275,26859,Montana,MT
840,45.81129932,-108.806123,11890,Montana,MT
841,45.85441513,-89.76227566,9951,Wisconsin,WI
842,45.95046207,-91.74922414,19231,Wisconsin,WI
843,46.07257957,-87.23539,21957,Michigan,MI
844,46.26556875,-116.5292313,9725,Idaho,ID
845,46.28499278,-118.9835701,71727,Washington,WA
846,46.34385859,-105.5833909,6323,Montana,MT
847,46.38525,-117.03592,5087,Idaho,ID
848,46.50039171,-94.4740212,17235,Minnesota,MN
849,46.58341183,-111.9747484,13881,Montana,MT
850,46.62067943,-120.4825766,40109,Washington,WA
851,46.64805574,-88.86409344,9610,Michigan,MI
852,46.685284,-97.24196857,16005,North Dakota,ND
853,46.72181325,-68.11694217,11107,Maine,ME
854,46.7520186,-102.9332953,14025,North Dakota,ND
855,46.77353571,-92.1470526,14293,Minnesota,MN
856,46.79292122,-96.17529714,22445,Minnesota,MN
857,46.84600255,-98.90829554,7330,North Dakota,ND
858,46.85442287,-100.8647404,27271,North Dakota,ND
859,46.87250303,-96.80434545,20183,North Dakota,ND
860,46.95929275,-114.0943749,36011,Montana,MT
861,46.99355624,-123.0236772,95466,Washington,WA
862,47.18549269,-92.79225662,20245,Minnesota,MN
863,47.24239474,-122.4420014,82289,Washington,WA
864,47.44826333,-91.03148333,3537,Minnesota,MN
865,47.47634214,-122.5928732,178202,Washington,WA
866,47.56846941,-122.218759,335558,Washington,WA
867,47.6003177,-122.3192885,229608,Washington,WA
868,47.61674601,-116.6744333,56960,Idaho,ID
869,47.64104545,-117.8633552,20938,Washington,WA
870,47.66157143,-117.3964312,72061,Washington,WA
871,47.6672503,-117.3992072,32223,Washington,WA
872,47.67447431,-111.225178,20747,Montana,MT
873,47.68955592,-119.8267546,42526,Washington,WA
874,47.74855649,-94.48148168,13508,Minnesota,MN
875,48.13842191,-97.47861404,15528,North Dakota,ND
876,48.1942,-105.1720441,7521,Montana,MT
877,48.22699563,-122.3073792,204845,Washington,WA
878,48.27443134,-103.5219209,22293,North Dakota,ND
879,48.29306703,-114.4339319,21391,Montana,MT
880,48.3134622,-99.26710157,7857,North Dakota,ND
881,48.32176885,-96.40352213,10040,Minnesota,MN
882,48.34403608,-101.5909835,24392,North Dakota,ND
883,48.41191,-109.6148,3654,Montana,MT
884,55.847715,-132.703055,2037,Alaska,AK
885,58.18833396,-135.2278113,3872,Alaska,AK
886,60.52438482,-153.405946,11541,Alaska,AK
887,60.97021337,-151.14011,22453,Alaska,AK
888,65.35964757,-151.8940151,13113,Alaska,AK
